num_knapsacks,gurobi_obj,gurobi_soltime,greedy_obj,greedy_soltime
600.0,34028.0,0.103532874,34028.0,0.000208514
700.0,34013.0,0.120604624,34013.0,0.000192046
800.0,34189.0,0.11846928,34189.0,0.000652298
900.0,34139.0,0.158547628,34139.0,0.000227333
1000.0,34991.0,0.167126722,34991.0,0.000507213
