num_knapsacks,gurobi_obj,gurobi_soltime,greedy_obj,greedy_soltime
100.0,32852.0,0.013907516,32799.0,0.000488676
200.0,34933.0,0.029624759,34933.0,0.000280493
300.0,34874.0,0.04249276,34874.0,0.000172868
400.0,35075.0,0.05844427,35075.0,0.000173891
500.0,34590.0,0.074963884,34590.0,0.000170444
